key,date,revision
f9c4bc1e-1022-488e-b899-7764e0336e8a,2025-04-09T16:51:20+0000,9dd4c6cb37109501437e114431d17338afdd428b
8d30417e-a846-4a80-913b-f97928f33341,2025-04-09T16:51:59+0000,7201b6735ef5410cd3f176fda2e14431188e6d8d
d031524d-31b2-41f3-9044-c72505edb07f,2025-04-09T16:52:36+0000,039d5e9f4ee7e28a76c77d590902a2a23cef6e51
b20ccafe-b0d9-44da-b477-7b9ab93a8012,2025-04-09T16:53:14+0000,740ded985020ae44eb4d19fbe91edca565eb7cdb
8440b1a3-024d-4339-9ea3-f7917ad8dcda,2025-04-09T16:53:52+0000,2ef607cd3827ce2172b9f3ae4dc9182f2776f583
3df9725a-76e4-45c0-b9e9-9e9fa6f9f37f,2025-04-09T16:54:31+0000,eeb431fafcf0ad4bc0bf40531e2ba8475f070f9e
a2341ae7-8c04-4d2c-8a19-1884413036ee,2025-04-09T16:55:09+0000,f1c20955ea4770df8e558311e5a227f50c896258
a7f24f11-4242-4778-9149-00acec2fe212,2025-04-09T16:55:46+0000,16109b80bc189b4b37f0b57028c094b811b686ee
d500b612-e6f2-450e-97b0-95cbcacf47df,2025-04-09T16:56:22+0000,cc9737973e18cf294aa5714cdd454775aca2b66a
234c45aa-f63f-4aaf-93af-3b83afc813c1,2025-04-09T16:57:01+0000,6ee2146ea2db4121d57414f9788d9d56a579a86a
519f54fb-0a1e-491d-9651-75bc30ef141d,2025-04-09T16:57:39+0000,2e58ef1f62ec357c003286f6cf4bbb96fac4f220
91a31b24-fd70-4a2c-8281-0e473a7ae29e,2025-04-09T16:58:17+0000,eb2a74a8e60e7abd173b1d710a0e8f0649c2ed78
e900dceb-fe54-41b5-94c4-6b4d20b5678d,2025-04-09T16:58:55+0000,713b37836bc75e525c26132f655c3516039c86f9
eb901a5c-15f4-42ee-8302-e69029738241,2025-04-09T16:59:32+0000,035099f3bba64978f18ec11417c3546aadf7b03e
4f498e63-5d87-45e9-968f-e83ed4a6b03a,2025-04-09T17:00:11+0000,b39cc9b7069d127534ffadd205f8f20c6e50e275
fe6ef00e-21f5-4ddb-b501-9cfcad0e44a9,2025-04-09T17:00:48+0000,c9f43c316e167160c21a548e81a8407504497a26
4de02ef6-eaa4-428a-9512-b0f7a27eb8ed,2025-04-09T17:01:53+0000,dd61c91085774af4e8d78486dadacfc2e505cc79
638be50d-8f96-4b59-a373-a4a52a5f3716,2025-04-09T17:02:32+0000,a6d5b7fabb605eade3ee582be011f6cf1c852433
7e7197af-5372-45a8-a3d2-f320ea289a85,2025-04-09T17:03:10+0000,3dcf900bee9ff4f5876fc84e62fc2b7a894a0c75
a37b0e0b-3003-486a-b38f-6b98d6dd92ba,2025-04-09T17:03:47+0000,cf8514ffb158f0343085e64c9aef7a1187362624
b5cb29fa-20e4-46bd-9a4b-b21ff15c8875,2025-04-09T17:04:25+0000,b7312f6a0db2e8d919cace14a65ca4592a32e58f
09e65efd-2147-46ae-9594-2c1981cf3ebc,2025-04-09T17:05:03+0000,fa8fde02432d078d83da5b9bbbba60d6391b05ee
6dcac1be-5519-4a03-bea2-39947ff05427,2025-04-09T17:05:40+0000,487bd3840da6ff3413356eeee94435b043874aa8
